RID,reqType,dt
381,addPage,72d90e46-b09d-457a-aee2-1128689b8b13
382,getPage,72d90e46-b09d-457a-aee2-1128689b8b13
383,postComment,
384,getPage,72d90e46-b09d-457a-aee2-1128689b8b13
385,getPage,72d90e46-b09d-457a-aee2-1128689b8b13
386,addPage,92f25395-5e6e-430c-bfaf-26a50cf49e49
387,addPage,785aaa35-1e3f-472e-bf29-528129deadaf
388,postComment,
389,postComment,
390,addPage,fdcd8610-63f0-4f05-94fe-8c8f240272ee
391,postComment,
392,getPage,fdcd8610-63f0-4f05-94fe-8c8f240272ee
393,addPage,b677b080-539f-4116-8cf9-b179ce3553c5
394,addPage,7606d7da-8f25-4689-bb3f-adf8ce48d84c
395,getPage,7606d7da-8f25-4689-bb3f-adf8ce48d84c
396,getPage,7606d7da-8f25-4689-bb3f-adf8ce48d84c
397,getPage,b677b080-539f-4116-8cf9-b179ce3553c5
398,postComment,
399,getPage,785aaa35-1e3f-472e-bf29-528129deadaf
400,addPage,0670d9b6-bb75-4ed2-b9a5-3048694e1e30
