RID,REQUEST TYPE,HASH,VALUE
601,post,601,rf
602,post,601,aad
603,post,601,xzqn
604,post,601,elxtm
605,post,601,sfwlaz
606,post,601,ppojaiy
607,post,601,rgjwgddc
608,post,601,vrgcjdsos
609,post,601,dtooqijuvb
610,post,601,r
611,post,601,fo
612,post,612,gqy
613,post,612,ymvz
614,post,612,lamml
615,post,612,vrblea
616,post,616,wqgkaab
617,post,617,luxftjps
618,post,616,lfotjfivy
619,post,617,bguzrbwycn
620,post,617,p
621,post,612,aq
622,post,617,yxr
623,post,617,vnnr
624,post,624,kgotv
625,post,612,ahkxqp
626,post,616,yasbsio
627,post,616,nlimkiog
628,post,601,lblhfurdc
629,post,617,mgpvzzxliy
630,post,624,c
631,post,624,di
632,post,601,rdd
633,post,624,wnee
634,post,624,kxkig
635,post,616,kuewhi
636,post,601,wgmadgi
637,post,617,qmzimrhq
638,post,616,hgozycyet
639,post,612,apdbiqwujx
640,post,612,d
641,post,601,jo
642,post,624,fpg
643,post,624,rovz
644,post,644,xxjgq
645,post,645,vmxxiw
646,post,644,vwvtdzq
647,post,645,jteduoji
648,post,624,iooljlfjb
649,post,616,osptkklfwa
650,post,612,m
651,post,612,yg
652,post,645,ojg
653,post,644,kgfs
654,post,644,xlsvl
655,post,644,ipvqnc
656,post,624,qniifcs
657,post,616,ipjhvwkb
658,post,601,hlfyhosux
659,post,617,iicfbiagjv
660,post,616,l
661,post,616,xp
662,post,601,dri
663,post,612,ppnv
664,post,644,cmhft
665,post,624,mcwanv
666,post,616,yjlxcpp
667,post,616,xyhrowvv
668,post,617,eqyjblldw
669,post,612,ertaszouua
670,post,624,f
671,post,617,en
672,post,612,ndi
673,post,601,lgzk
674,post,617,aqmgv
675,post,675,gukppd
676,post,612,catwckf
677,post,624,xqcbdooc
678,post,612,fpszexaef
679,post,601,ribrtoelvv
680,post,645,j
681,post,617,ov
682,post,612,wzz
683,post,624,tgde
684,post,675,qvjyz
685,post,675,qaarzs
686,post,686,cyxtiii
687,post,675,fnxnxood
688,post,612,fssvnvbzn
689,post,624,nroomwwgli
690,post,690,s
691,post,617,ny
692,post,692,elz
693,post,675,axxw
694,post,694,sbdhm
695,post,694,ehbnce
696,post,692,olwueal
697,post,694,ekyavoof
698,post,612,miuoarcrl
699,post,624,zmekoalvyc
700,post,692,v
701,post,601,of
702,post,644,zek
703,post,601,ormc
704,post,644,iiuti
705,post,694,cebevz
706,post,706,khlmqwn
707,post,617,lymynlso
708,post,675,sephyskpy
709,post,675,vojicnffhp
710,post,690,q
711,post,612,bc
712,post,686,hks
713,post,644,zjdl
714,post,692,mzbsp
715,post,692,tvevqo
716,post,624,jamjhfp
717,post,694,nxsiodmh
718,post,706,tmrjfyyfc
719,post,644,vdlcbfxifo
720,post,706,i
721,post,690,mk
722,post,706,yka
723,post,645,eaug
724,post,694,uhvag
725,post,690,kqfvkp
726,post,690,yhhrfoz
727,post,617,ycrcixde
728,post,645,guzvnullb
729,post,612,krbyluzfpf
730,post,694,m
731,post,645,td
732,post,732,lty
733,post,675,gdda
734,post,675,hllhi
735,post,735,duenof
736,post,616,gqebgdb
737,post,737,qcyyydgb
738,post,644,xynswatha
739,post,645,yizdrwuntg
740,post,616,z
741,post,601,yj
742,post,706,jkm
743,post,624,xgmy
744,post,645,hylmf
745,post,735,hauifs
746,post,601,zpdgdga
747,post,737,kzjvlzle
748,post,706,zhrcmyxhh
749,post,706,vrucvfgptr
750,post,645,s
751,post,690,cp
752,post,612,gae
753,post,735,awpk
754,post,675,ooqpl
755,post,692,gahoka
756,post,601,xwpwroh
757,post,645,tjzzzjve
758,post,612,rdvbljcvb
759,post,686,okwdfclrjd
760,post,737,s
761,post,617,jj
762,post,612,paj
763,post,732,azyn
764,post,764,uguao
765,post,764,fpiwbx
766,post,694,hdetcrq
767,post,735,zpeacrah
768,post,617,fncvdcqsh
769,post,735,wiedkylwkf
770,post,601,h
771,post,616,xa
772,post,645,lqg
773,post,706,gjoz
774,post,694,pglmi
775,post,692,iezuga
776,post,732,plroypj
777,post,777,qjlhgngs
778,post,732,nooqseplt
779,post,612,ctuophnops
780,post,675,c
781,post,690,mn
782,post,764,afg
783,post,777,ebpc
784,post,694,rzvwp
785,post,675,crbsvy
786,post,690,maycwtr
787,post,764,vfifveqm
788,post,706,jewnlwtxc
789,post,692,wlsjuwsbxw
790,post,735,a
791,post,777,tp
792,post,645,qke
793,post,777,afho
794,post,794,bftzv
795,post,777,bkwvtn
796,post,624,htgkhfg
797,post,644,sqvsvxkc
798,post,617,hvjwfbsbh
799,post,794,opcspjnidf
800,post,735,b
801,post,617,bc
802,post,616,wek
803,post,675,ygur
804,post,804,ddnvj
805,post,675,pmwhdb
806,post,806,btljqmu
807,post,686,haetzffv
808,post,794,cqlkwqhdv
809,post,809,eesijeoqre
810,post,737,u
811,post,811,xr
812,post,601,aao
813,post,624,inhw
814,post,811,uuegp
815,post,809,auvjrv
816,post,616,ehplwvf
817,post,694,krnzwbqh
818,post,818,gurivhfhh
819,post,644,gteythwsyb
820,post,806,y
821,post,690,tw
822,post,686,eod
823,post,645,xswy
824,post,794,inile
825,post,825,otdrab
826,post,706,qmuavue
827,post,644,ocrxjuhj
828,post,737,eggkvvwkf
829,post,690,lfpeizqjoh
830,post,617,w
831,post,706,tx
832,post,806,fke
833,post,601,yjmw
834,post,834,xdlqi
835,post,777,ixcidb
836,post,616,xbuvfhr
837,post,837,mkbtjioa
838,post,809,bolzzhpwl
839,post,794,haavzuzetc
840,post,692,c
841,post,834,go
842,post,842,fiq
843,post,601,cldy
844,post,777,pkbyl
845,post,806,gdbtno
846,post,834,cvfzlmv
847,post,645,xqbfxiox
848,post,804,kqvdjsvzx
849,post,616,gjxhyuzzym
850,post,806,e
851,post,735,wh
852,post,616,ucc
853,post,735,hlst
854,post,777,tuctg
855,post,612,yhcxhh
856,post,675,bnutgcp
857,post,737,rnttejdu
858,post,735,govkjmnbs
859,post,617,bpfkpprkhw
860,post,804,c
861,post,861,ol
862,post,675,pob
863,post,675,sgdz
864,post,616,matmr
865,post,861,hyhtfq
866,post,735,axmwryd
867,post,645,cfsutdyw
868,post,809,ocdqjypqe
869,post,737,xvwocdnnql
870,post,616,o
871,post,809,rz
872,post,777,vgm
873,post,811,xedp
874,post,675,yimzf
875,post,794,uzrocc
876,post,624,gleizlw
877,post,842,kkjctyti
878,post,692,tvyqovyby
879,post,645,onhhbualdn
880,post,804,l
881,post,861,tx
882,post,764,krd
883,post,834,beqd
884,post,616,lpeel
885,post,645,yknjpq
886,post,617,oozxsqc
887,post,887,ueavwlsv
888,post,794,lhspqasen
889,post,837,mliyqgbdtm
890,post,811,d
891,post,732,bx
892,post,777,yho
893,post,842,oqmg
894,post,887,tcdmd
895,post,601,ybzvgd
896,post,624,tkjxwhk
897,post,694,crtsjrdh
898,post,837,ewusmegnt
899,post,690,poivzguzbe
900,post,842,m
